<?xml version="1.0" encoding="UTF-8"?>
<site>
   <description name="Indent Guide" url="https://github.com/sschaef/IndentGuide/tree/master/pdt_tools.indentGuide.updateSite">
      An indent guide for Eclipse
   </description>
   <feature url="features/jp.sourceforge.pdt_tools.indentGuide.feature_1.4.1.jar" id="jp.sourceforge.pdt_tools.indentGuide.feature" version="1.4.1">
      <category name="pdt_tools.general"/>
   </feature>
   <category-def name="pdt_tools.general" label="General">
      <description>
         General plugins
      </description>
   </category-def>
</site>
